"DATE_GMT","TIME_GMT","SETTLEMENT_DATE","SETTLEMENT_PERIOD","EMBEDDED_WIND_FORECAST","EMBEDDED_WIND_CAPACITY","EMBEDDED_SOLAR_FORECAST","EMBEDDED_SOLAR_CAPACITY"
"2022-04-14T00:00:00","17:30","2022-04-14T00:00:00",37,661,6545,951,13080
"2022-04-14T00:00:00","18:00","2022-04-14T00:00:00",38,615,6545,526,13080
"2022-04-14T00:00:00","18:30","2022-04-14T00:00:00",39,615,6545,216,13080
"2022-04-14T00:00:00","19:00","2022-04-14T00:00:00",40,624,6545,37,13080
"2022-04-14T00:00:00","19:30","2022-04-14T00:00:00",41,624,6545,0,13080
"2022-04-14T00:00:00","20:00","2022-04-14T00:00:00",42,684,6545,0,13080
"2022-04-14T00:00:00","20:30","2022-04-14T00:00:00",43,684,6545,0,13080
"2022-04-14T00:00:00","21:00","2022-04-14T00:00:00",44,726,6545,0,13080
"2022-04-14T00:00:00","21:30","2022-04-14T00:00:00",45,726,6545,0,13080
"2022-04-14T00:00:00","22:00","2022-04-14T00:00:00",46,757,6545,0,13080
"2022-04-14T00:00:00","22:30","2022-04-14T00:00:00",47,757,6545,0,13080
"2022-04-14T00:00:00","23:00","2022-04-14T00:00:00",48,755,6545,0,13080
"2022-04-14T00:00:00","23:30","2022-04-15T00:00:00",1,755,6545,0,13082
"2022-04-15T00:00:00","00:00","2022-04-15T00:00:00",2,758,6545,0,13082
"2022-04-15T00:00:00","00:30","2022-04-15T00:00:00",3,758,6545,0,13082
"2022-04-15T00:00:00","01:00","2022-04-15T00:00:00",4,741,6545,0,13082
"2022-04-15T00:00:00","01:30","2022-04-15T00:00:00",5,741,6545,0,13082
"2022-04-15T00:00:00","02:00","2022-04-15T00:00:00",6,713,6545,0,13082
"2022-04-15T00:00:00","02:30","2022-04-15T00:00:00",7,713,6545,0,13082
"2022-04-15T00:00:00","03:00","2022-04-15T00:00:00",8,704,6545,0,13082
"2022-04-15T00:00:00","03:30","2022-04-15T00:00:00",9,704,6545,0,13082
"2022-04-15T00:00:00","04:00","2022-04-15T00:00:00",10,683,6545,0,13082
"2022-04-15T00:00:00","04:30","2022-04-15T00:00:00",11,683,6545,0,13082
"2022-04-15T00:00:00","05:00","2022-04-15T00:00:00",12,660,6545,0,13082
"2022-04-15T00:00:00","05:30","2022-04-15T00:00:00",13,660,6545,158,13082
"2022-04-15T00:00:00","06:00","2022-04-15T00:00:00",14,652,6545,480,13082
"2022-04-15T00:00:00","06:30","2022-04-15T00:00:00",15,652,6545,987,13082
"2022-04-15T00:00:00","07:00","2022-04-15T00:00:00",16,628,6545,1613,13082
"2022-04-15T00:00:00","07:30","2022-04-15T00:00:00",17,628,6545,2290,13082
"2022-04-15T00:00:00","08:00","2022-04-15T00:00:00",18,631,6545,3017,13082
"2022-04-15T00:00:00","08:30","2022-04-15T00:00:00",19,631,6545,3791,13082
"2022-04-15T00:00:00","09:00","2022-04-15T00:00:00",20,694,6545,4510,13082
"2022-04-15T00:00:00","09:30","2022-04-15T00:00:00",21,694,6545,5089,13082
"2022-04-15T00:00:00","10:00","2022-04-15T00:00:00",22,813,6545,5602,13082
"2022-04-15T00:00:00","10:30","2022-04-15T00:00:00",23,813,6545,6113,13082
"2022-04-15T00:00:00","11:00","2022-04-15T00:00:00",24,931,6545,6476,13082
"2022-04-15T00:00:00","11:30","2022-04-15T00:00:00",25,931,6545,6551,13082
"2022-04-15T00:00:00","12:00","2022-04-15T00:00:00",26,1037,6545,6440,13082
"2022-04-15T00:00:00","12:30","2022-04-15T00:00:00",27,1037,6545,6272,13082
"2022-04-15T00:00:00","13:00","2022-04-15T00:00:00",28,1141,6545,6060,13082
"2022-04-15T00:00:00","13:30","2022-04-15T00:00:00",29,1141,6545,5786,13082
"2022-04-15T00:00:00","14:00","2022-04-15T00:00:00",30,1230,6545,5417,13082
"2022-04-15T00:00:00","14:30","2022-04-15T00:00:00",31,1230,6545,4930,13082
"2022-04-15T00:00:00","15:00","2022-04-15T00:00:00",32,1274,6545,4365,13082
"2022-04-15T00:00:00","15:30","2022-04-15T00:00:00",33,1274,6545,3770,13082
"2022-04-15T00:00:00","16:00","2022-04-15T00:00:00",34,1241,6545,3160,13082
"2022-04-15T00:00:00","16:30","2022-04-15T00:00:00",35,1241,6545,2539,13082
"2022-04-15T00:00:00","17:00","2022-04-15T00:00:00",36,1147,6545,1929,13082
"2022-04-15T00:00:00","17:30","2022-04-15T00:00:00",37,1147,6545,1349,13082
"2022-04-15T00:00:00","18:00","2022-04-15T00:00:00",38,1032,6545,815,13082
"2022-04-15T00:00:00","18:30","2022-04-15T00:00:00",39,1032,6545,351,13082
"2022-04-15T00:00:00","19:00","2022-04-15T00:00:00",40,977,6545,49,13082
"2022-04-15T00:00:00","19:30","2022-04-15T00:00:00",41,977,6545,0,13082
"2022-04-15T00:00:00","20:00","2022-04-15T00:00:00",42,1015,6545,0,13082
"2022-04-15T00:00:00","20:30","2022-04-15T00:00:00",43,1015,6545,0,13082
"2022-04-15T00:00:00","21:00","2022-04-15T00:00:00",44,1041,6545,0,13082
"2022-04-15T00:00:00","21:30","2022-04-15T00:00:00",45,1041,6545,0,13082
"2022-04-15T00:00:00","22:00","2022-04-15T00:00:00",46,1072,6545,0,13082
"2022-04-15T00:00:00","22:30","2022-04-15T00:00:00",47,1072,6545,0,13082
"2022-04-15T00:00:00","23:00","2022-04-15T00:00:00",48,1077,6545,0,13082
"2022-04-15T00:00:00","23:30","2022-04-16T00:00:00",1,1077,6545,0,13083
"2022-04-16T00:00:00","00:00","2022-04-16T00:00:00",2,1094,6545,0,13083
"2022-04-16T00:00:00","00:30","2022-04-16T00:00:00",3,1094,6545,0,13083
"2022-04-16T00:00:00","01:00","2022-04-16T00:00:00",4,1060,6545,0,13083
"2022-04-16T00:00:00","01:30","2022-04-16T00:00:00",5,1060,6545,0,13083
"2022-04-16T00:00:00","02:00","2022-04-16T00:00:00",6,1021,6545,0,13083
"2022-04-16T00:00:00","02:30","2022-04-16T00:00:00",7,1021,6545,0,13083
"2022-04-16T00:00:00","03:00","2022-04-16T00:00:00",8,1006,6545,0,13083
"2022-04-16T00:00:00","03:30","2022-04-16T00:00:00",9,1006,6545,0,13083
"2022-04-16T00:00:00","04:00","2022-04-16T00:00:00",10,1010,6545,0,13083
"2022-04-16T00:00:00","04:30","2022-04-16T00:00:00",11,1010,6545,0,13083
"2022-04-16T00:00:00","05:00","2022-04-16T00:00:00",12,994,6545,0,13083
"2022-04-16T00:00:00","05:30","2022-04-16T00:00:00",13,994,6545,101,13083
"2022-04-16T00:00:00","06:00","2022-04-16T00:00:00",14,1012,6545,327,13083
"2022-04-16T00:00:00","06:30","2022-04-16T00:00:00",15,1012,6545,707,13083
"2022-04-16T00:00:00","07:00","2022-04-16T00:00:00",16,1070,6545,1212,13083
"2022-04-16T00:00:00","07:30","2022-04-16T00:00:00",17,1070,6545,1800,13083
"2022-04-16T00:00:00","08:00","2022-04-16T00:00:00",18,1108,6545,2467,13083
"2022-04-16T00:00:00","08:30","2022-04-16T00:00:00",19,1108,6545,3203,13083
"2022-04-16T00:00:00","09:00","2022-04-16T00:00:00",20,1173,6545,3934,13083
"2022-04-16T00:00:00","09:30","2022-04-16T00:00:00",21,1173,6545,4585,13083
"2022-04-16T00:00:00","10:00","2022-04-16T00:00:00",22,1231,6545,5168,13083
"2022-04-16T00:00:00","10:30","2022-04-16T00:00:00",23,1231,6545,5702,13083
"2022-04-16T00:00:00","11:00","2022-04-16T00:00:00",24,1358,6545,6150,13083
"2022-04-16T00:00:00","11:30","2022-04-16T00:00:00",25,1358,6545,6464,13083
"2022-04-16T00:00:00","12:00","2022-04-16T00:00:00",26,1499,6545,6603,13083
"2022-04-16T00:00:00","12:30","2022-04-16T00:00:00",27,1499,6545,6551,13083
"2022-04-16T00:00:00","13:00","2022-04-16T00:00:00",28,1562,6545,6401,13083
"2022-04-16T00:00:00","13:30","2022-04-16T00:00:00",29,1562,6545,6235,13083
"2022-04-16T00:00:00","14:00","2022-04-16T00:00:00",30,1629,6545,5966,13083
"2022-04-16T00:00:00","14:30","2022-04-16T00:00:00",31,1629,6545,5508,13083
"2022-04-16T00:00:00","15:00","2022-04-16T00:00:00",32,1700,6545,4934,13083
"2022-04-16T00:00:00","15:30","2022-04-16T00:00:00",33,1700,6545,4338,13083
"2022-04-16T00:00:00","16:00","2022-04-16T00:00:00",34,1588,6545,3703,13083
"2022-04-16T00:00:00","16:30","2022-04-16T00:00:00",35,1588,6545,3000,13083
"2022-04-16T00:00:00","17:00","2022-04-16T00:00:00",36,1490,6545,2269,13083
"2022-04-16T00:00:00","17:30","2022-04-16T00:00:00",37,1490,6545,1566,13083
"2022-04-16T00:00:00","18:00","2022-04-16T00:00:00",38,1406,6545,934,13083
"2022-04-16T00:00:00","18:30","2022-04-16T00:00:00",39,1406,6545,421,13083
"2022-04-16T00:00:00","19:00","2022-04-16T00:00:00",40,1409,6545,96,13083
"2022-04-16T00:00:00","19:30","2022-04-16T00:00:00",41,1409,6545,0,13083
"2022-04-16T00:00:00","20:00","2022-04-16T00:00:00",42,1413,6545,0,13083
"2022-04-16T00:00:00","20:30","2022-04-16T00:00:00",43,1413,6545,0,13083
"2022-04-16T00:00:00","21:00","2022-04-16T00:00:00",44,1413,6545,0,13083
"2022-04-16T00:00:00","21:30","2022-04-16T00:00:00",45,1413,6545,0,13083
"2022-04-16T00:00:00","22:00","2022-04-16T00:00:00",46,1413,6545,0,13083
"2022-04-16T00:00:00","22:30","2022-04-16T00:00:00",47,1413,6545,0,13083
"2022-04-16T00:00:00","23:00","2022-04-16T00:00:00",48,1411,6545,0,13083
"2022-04-16T00:00:00","23:30","2022-04-17T00:00:00",1,1411,6545,0,13085
"2022-04-17T00:00:00","00:00","2022-04-17T00:00:00",2,1406,6545,0,13085
"2022-04-17T00:00:00","00:30","2022-04-17T00:00:00",3,1406,6545,0,13085
"2022-04-17T00:00:00","01:00","2022-04-17T00:00:00",4,1373,6545,0,13085
"2022-04-17T00:00:00","01:30","2022-04-17T00:00:00",5,1373,6545,0,13085
"2022-04-17T00:00:00","02:00","2022-04-17T00:00:00",6,1342,6545,0,13085
"2022-04-17T00:00:00","02:30","2022-04-17T00:00:00",7,1342,6545,0,13085
"2022-04-17T00:00:00","03:00","2022-04-17T00:00:00",8,1313,6545,0,13085
"2022-04-17T00:00:00","03:30","2022-04-17T00:00:00",9,1313,6545,0,13085
"2022-04-17T00:00:00","04:00","2022-04-17T00:00:00",10,1324,6545,0,13085
"2022-04-17T00:00:00","04:30","2022-04-17T00:00:00",11,1324,6545,0,13085
"2022-04-17T00:00:00","05:00","2022-04-17T00:00:00",12,1337,6545,0,13085
"2022-04-17T00:00:00","05:30","2022-04-17T00:00:00",13,1337,6545,92,13085
"2022-04-17T00:00:00","06:00","2022-04-17T00:00:00",14,1350,6545,320,13085
"2022-04-17T00:00:00","06:30","2022-04-17T00:00:00",15,1350,6545,724,13085
"2022-04-17T00:00:00","07:00","2022-04-17T00:00:00",16,1434,6545,1261,13085
"2022-04-17T00:00:00","07:30","2022-04-17T00:00:00",17,1434,6545,1874,13085
"2022-04-17T00:00:00","08:00","2022-04-17T00:00:00",18,1533,6545,2555,13085
"2022-04-17T00:00:00","08:30","2022-04-17T00:00:00",19,1533,6545,3295,13085
"2022-04-17T00:00:00","09:00","2022-04-17T00:00:00",20,1650,6545,4042,13085
"2022-04-17T00:00:00","09:30","2022-04-17T00:00:00",21,1650,6545,4743,13085
"2022-04-17T00:00:00","10:00","2022-04-17T00:00:00",22,1837,6545,5398,13085
"2022-04-17T00:00:00","10:30","2022-04-17T00:00:00",23,1837,6545,6000,13085
"2022-04-17T00:00:00","11:00","2022-04-17T00:00:00",24,2048,6545,6467,13085
"2022-04-17T00:00:00","11:30","2022-04-17T00:00:00",25,2048,6545,6725,13085
"2022-04-17T00:00:00","12:00","2022-04-17T00:00:00",26,2280,6545,6808,13085
"2022-04-17T00:00:00","12:30","2022-04-17T00:00:00",27,2280,6545,6765,13085
"2022-04-17T00:00:00","13:00","2022-04-17T00:00:00",28,2362,6545,6615,13085
"2022-04-17T00:00:00","13:30","2022-04-17T00:00:00",29,2362,6545,6362,13085
"2022-04-17T00:00:00","14:00","2022-04-17T00:00:00",30,2444,6545,5968,13085
"2022-04-17T00:00:00","14:30","2022-04-17T00:00:00",31,2444,6545,5415,13085
"2022-04-17T00:00:00","15:00","2022-04-17T00:00:00",32,2525,6545,4783,13085
"2022-04-17T00:00:00","15:30","2022-04-17T00:00:00",33,2525,6545,4157,13085
"2022-04-17T00:00:00","16:00","2022-04-17T00:00:00",34,2374,6545,3521,13085
"2022-04-17T00:00:00","16:30","2022-04-17T00:00:00",35,2374,6545,2844,13085
"2022-04-17T00:00:00","17:00","2022-04-17T00:00:00",36,2234,6545,2147,13085
"2022-04-17T00:00:00","17:30","2022-04-17T00:00:00",37,2234,6545,1471,13085
"2022-04-17T00:00:00","18:00","2022-04-17T00:00:00",38,2108,6545,865,13085
"2022-04-17T00:00:00","18:30","2022-04-17T00:00:00",39,2108,6545,380,13085
"2022-04-17T00:00:00","19:00","2022-04-17T00:00:00",40,2052,6545,78,13085
"2022-04-17T00:00:00","19:30","2022-04-17T00:00:00",41,2052,6545,0,13085
"2022-04-17T00:00:00","20:00","2022-04-17T00:00:00",42,2003,6545,0,13085
"2022-04-17T00:00:00","20:30","2022-04-17T00:00:00",43,2003,6545,0,13085
"2022-04-17T00:00:00","21:00","2022-04-17T00:00:00",44,1961,6545,0,13085
"2022-04-17T00:00:00","21:30","2022-04-17T00:00:00",45,1961,6545,0,13085
"2022-04-17T00:00:00","22:00","2022-04-17T00:00:00",46,1865,6545,0,13085
"2022-04-17T00:00:00","22:30","2022-04-17T00:00:00",47,1865,6545,0,13085
"2022-04-17T00:00:00","23:00","2022-04-17T00:00:00",48,1769,6545,0,13085
"2022-04-17T00:00:00","23:30","2022-04-18T00:00:00",1,1769,6545,0,13087
"2022-04-18T00:00:00","00:00","2022-04-18T00:00:00",2,1673,6545,0,13087
"2022-04-18T00:00:00","00:30","2022-04-18T00:00:00",3,1673,6545,0,13087
"2022-04-18T00:00:00","01:00","2022-04-18T00:00:00",4,1519,6545,0,13087
"2022-04-18T00:00:00","01:30","2022-04-18T00:00:00",5,1519,6545,0,13087
"2022-04-18T00:00:00","02:00","2022-04-18T00:00:00",6,1367,6545,0,13087
"2022-04-18T00:00:00","02:30","2022-04-18T00:00:00",7,1367,6545,0,13087
"2022-04-18T00:00:00","03:00","2022-04-18T00:00:00",8,1218,6545,0,13087
"2022-04-18T00:00:00","03:30","2022-04-18T00:00:00",9,1218,6545,0,13087
"2022-04-18T00:00:00","04:00","2022-04-18T00:00:00",10,1101,6545,0,13087
"2022-04-18T00:00:00","04:30","2022-04-18T00:00:00",11,1101,6545,0,13087
"2022-04-18T00:00:00","05:00","2022-04-18T00:00:00",12,987,6545,0,13087
"2022-04-18T00:00:00","05:30","2022-04-18T00:00:00",13,987,6545,74,13087
"2022-04-18T00:00:00","06:00","2022-04-18T00:00:00",14,879,6545,269,13087
"2022-04-18T00:00:00","06:30","2022-04-18T00:00:00",15,879,6545,630,13087
"2022-04-18T00:00:00","07:00","2022-04-18T00:00:00",16,851,6545,1132,13087
"2022-04-18T00:00:00","07:30","2022-04-18T00:00:00",17,851,6545,1735,13087
"2022-04-18T00:00:00","08:00","2022-04-18T00:00:00",18,830,6545,2432,13087
"2022-04-18T00:00:00","08:30","2022-04-18T00:00:00",19,830,6545,3204,13087
"2022-04-18T00:00:00","09:00","2022-04-18T00:00:00",20,818,6545,3951,13087
"2022-04-18T00:00:00","09:30","2022-04-18T00:00:00",21,818,6545,4578,13087
"2022-04-18T00:00:00","10:00","2022-04-18T00:00:00",22,871,6545,5105,13087
"2022-04-18T00:00:00","10:30","2022-04-18T00:00:00",23,871,6545,5565,13087
"2022-04-18T00:00:00","11:00","2022-04-18T00:00:00",24,930,6545,5944,13087
"2022-04-18T00:00:00","11:30","2022-04-18T00:00:00",25,930,6545,6219,13087
"2022-04-18T00:00:00","12:00","2022-04-18T00:00:00",26,998,6545,6360,13087
"2022-04-18T00:00:00","12:30","2022-04-18T00:00:00",27,998,6545,6342,13087
"2022-04-18T00:00:00","13:00","2022-04-18T00:00:00",28,1048,6545,6169,13087
"2022-04-18T00:00:00","13:30","2022-04-18T00:00:00",29,1048,6545,5856,13087
"2022-04-18T00:00:00","14:00","2022-04-18T00:00:00",30,1098,6545,5448,13087
"2022-04-18T00:00:00","14:30","2022-04-18T00:00:00",31,1098,6545,4993,13087
"2022-04-18T00:00:00","15:00","2022-04-18T00:00:00",32,1148,6545,4520,13087
"2022-04-18T00:00:00","15:30","2022-04-18T00:00:00",33,1148,6545,4034,13087
"2022-04-18T00:00:00","16:00","2022-04-18T00:00:00",34,1078,6545,3467,13087
"2022-04-18T00:00:00","16:30","2022-04-18T00:00:00",35,1078,6545,2770,13087
"2022-04-18T00:00:00","17:00","2022-04-18T00:00:00",36,1014,6545,2058,13087
"2022-04-18T00:00:00","17:30","2022-04-18T00:00:00",37,1014,6545,1449,13087
"2022-04-18T00:00:00","18:00","2022-04-18T00:00:00",38,955,6545,915,13087
"2022-04-18T00:00:00","18:30","2022-04-18T00:00:00",39,955,6545,425,13087
"2022-04-18T00:00:00","19:00","2022-04-18T00:00:00",40,902,6545,84,13087
"2022-04-18T00:00:00","19:30","2022-04-18T00:00:00",41,902,6545,0,13087
"2022-04-18T00:00:00","20:00","2022-04-18T00:00:00",42,856,6545,0,13087
"2022-04-18T00:00:00","20:30","2022-04-18T00:00:00",43,856,6545,0,13087
"2022-04-18T00:00:00","21:00","2022-04-18T00:00:00",44,815,6545,0,13087
"2022-04-18T00:00:00","21:30","2022-04-18T00:00:00",45,815,6545,0,13087
"2022-04-18T00:00:00","22:00","2022-04-18T00:00:00",46,795,6545,0,13087
"2022-04-18T00:00:00","22:30","2022-04-18T00:00:00",47,795,6545,0,13087
"2022-04-18T00:00:00","23:00","2022-04-18T00:00:00",48,773,6545,0,13087
"2022-04-18T00:00:00","23:30","2022-04-19T00:00:00",1,773,6545,0,13088
"2022-04-19T00:00:00","00:00","2022-04-19T00:00:00",2,750,6545,0,13088
"2022-04-19T00:00:00","00:30","2022-04-19T00:00:00",3,750,6545,0,13088
"2022-04-19T00:00:00","01:00","2022-04-19T00:00:00",4,754,6545,0,13088
"2022-04-19T00:00:00","01:30","2022-04-19T00:00:00",5,754,6545,0,13088
"2022-04-19T00:00:00","02:00","2022-04-19T00:00:00",6,730,6545,0,13088
"2022-04-19T00:00:00","02:30","2022-04-19T00:00:00",7,730,6545,0,13088
"2022-04-19T00:00:00","03:00","2022-04-19T00:00:00",8,685,6545,0,13088
"2022-04-19T00:00:00","03:30","2022-04-19T00:00:00",9,685,6545,0,13088
"2022-04-19T00:00:00","04:00","2022-04-19T00:00:00",10,702,6545,0,13088
"2022-04-19T00:00:00","04:30","2022-04-19T00:00:00",11,702,6545,0,13088
"2022-04-19T00:00:00","05:00","2022-04-19T00:00:00",12,698,6545,0,13088
"2022-04-19T00:00:00","05:30","2022-04-19T00:00:00",13,698,6545,107,13088
"2022-04-19T00:00:00","06:00","2022-04-19T00:00:00",14,672,6545,347,13088
"2022-04-19T00:00:00","06:30","2022-04-19T00:00:00",15,672,6545,755,13088
"2022-04-19T00:00:00","07:00","2022-04-19T00:00:00",16,714,6545,1304,13088
"2022-04-19T00:00:00","07:30","2022-04-19T00:00:00",17,714,6545,1950,13088
"2022-04-19T00:00:00","08:00","2022-04-19T00:00:00",18,741,6545,2655,13088
"2022-04-19T00:00:00","08:30","2022-04-19T00:00:00",19,741,6545,3374,13088
"2022-04-19T00:00:00","09:00","2022-04-19T00:00:00",20,760,6545,4035,13088
"2022-04-19T00:00:00","09:30","2022-04-19T00:00:00",21,760,6545,4585,13088
"2022-04-19T00:00:00","10:00","2022-04-19T00:00:00",22,855,6545,5080,13088
"2022-04-19T00:00:00","10:30","2022-04-19T00:00:00",23,855,6545,5571,13088
"2022-04-19T00:00:00","11:00","2022-04-19T00:00:00",24,944,6545,5984,13088
"2022-04-19T00:00:00","11:30","2022-04-19T00:00:00",25,944,6545,6232,13088
"2022-04-19T00:00:00","12:00","2022-04-19T00:00:00",26,1024,6545,6309,13088
"2022-04-19T00:00:00","12:30","2022-04-19T00:00:00",27,1024,6545,6228,13088
"2022-04-19T00:00:00","13:00","2022-04-19T00:00:00",28,1048,6545,5986,13088
"2022-04-19T00:00:00","13:30","2022-04-19T00:00:00",29,1048,6545,5596,13088
"2022-04-19T00:00:00","14:00","2022-04-19T00:00:00",30,1051,6545,5148,13088
"2022-04-19T00:00:00","14:30","2022-04-19T00:00:00",31,1051,6545,4728,13088
"2022-04-19T00:00:00","15:00","2022-04-19T00:00:00",32,1032,6545,4311,13088
"2022-04-19T00:00:00","15:30","2022-04-19T00:00:00",33,1032,6545,3853,13088
"2022-04-19T00:00:00","16:00","2022-04-19T00:00:00",34,1053,6545,3310,13088
"2022-04-19T00:00:00","16:30","2022-04-19T00:00:00",35,1053,6545,2668,13088
"2022-04-19T00:00:00","17:00","2022-04-19T00:00:00",36,1053,6545,2018,13088
"2022-04-19T00:00:00","17:30","2022-04-19T00:00:00",37,1053,6545,1448,13088
"2022-04-19T00:00:00","18:00","2022-04-19T00:00:00",38,1029,6545,931,13088
"2022-04-19T00:00:00","18:30","2022-04-19T00:00:00",39,1029,6545,441,13088
"2022-04-19T00:00:00","19:00","2022-04-19T00:00:00",40,1041,6545,93,13088
"2022-04-19T00:00:00","19:30","2022-04-19T00:00:00",41,1041,6545,0,13088
"2022-04-19T00:00:00","20:00","2022-04-19T00:00:00",42,1028,6545,0,13088
"2022-04-19T00:00:00","20:30","2022-04-19T00:00:00",43,1028,6545,0,13088
"2022-04-19T00:00:00","21:00","2022-04-19T00:00:00",44,998,6545,0,13088
"2022-04-19T00:00:00","21:30","2022-04-19T00:00:00",45,998,6545,0,13088
"2022-04-19T00:00:00","22:00","2022-04-19T00:00:00",46,978,6545,0,13088
"2022-04-19T00:00:00","22:30","2022-04-19T00:00:00",47,978,6545,0,13088
"2022-04-19T00:00:00","23:00","2022-04-19T00:00:00",48,942,6545,0,13088
"2022-04-19T00:00:00","23:30","2022-04-20T00:00:00",1,942,6545,0,13090
"2022-04-20T00:00:00","00:00","2022-04-20T00:00:00",2,891,6545,0,13090
"2022-04-20T00:00:00","00:30","2022-04-20T00:00:00",3,891,6545,0,13090
"2022-04-20T00:00:00","01:00","2022-04-20T00:00:00",4,905,6545,0,13090
"2022-04-20T00:00:00","01:30","2022-04-20T00:00:00",5,905,6545,0,13090
"2022-04-20T00:00:00","02:00","2022-04-20T00:00:00",6,903,6545,0,13090
"2022-04-20T00:00:00","02:30","2022-04-20T00:00:00",7,903,6545,0,13090
"2022-04-20T00:00:00","03:00","2022-04-20T00:00:00",8,901,6545,0,13090
"2022-04-20T00:00:00","03:30","2022-04-20T00:00:00",9,901,6545,0,13090
"2022-04-20T00:00:00","04:00","2022-04-20T00:00:00",10,911,6545,0,13090
"2022-04-20T00:00:00","04:30","2022-04-20T00:00:00",11,911,6545,0,13090
"2022-04-20T00:00:00","05:00","2022-04-20T00:00:00",12,922,6545,0,13090
"2022-04-20T00:00:00","05:30","2022-04-20T00:00:00",13,922,6545,109,13090
"2022-04-20T00:00:00","06:00","2022-04-20T00:00:00",14,918,6545,349,13090
"2022-04-20T00:00:00","06:30","2022-04-20T00:00:00",15,918,6545,745,13090
"2022-04-20T00:00:00","07:00","2022-04-20T00:00:00",16,968,6545,1262,13090
"2022-04-20T00:00:00","07:30","2022-04-20T00:00:00",17,968,6545,1859,13090
"2022-04-20T00:00:00","08:00","2022-04-20T00:00:00",18,1012,6545,2518,13090
"2022-04-20T00:00:00","08:30","2022-04-20T00:00:00",19,1012,6545,3216,13090
"2022-04-20T00:00:00","09:00","2022-04-20T00:00:00",20,1067,6545,3888,13090
"2022-04-20T00:00:00","09:30","2022-04-20T00:00:00",21,1067,6545,4475,13090
"2022-04-20T00:00:00","10:00","2022-04-20T00:00:00",22,1173,6545,4977,13090
"2022-04-20T00:00:00","10:30","2022-04-20T00:00:00",23,1173,6545,5407,13090
"2022-04-20T00:00:00","11:00","2022-04-20T00:00:00",24,1298,6545,5759,13090
"2022-04-20T00:00:00","11:30","2022-04-20T00:00:00",25,1298,6545,6019,13090
"2022-04-20T00:00:00","12:00","2022-04-20T00:00:00",26,1429,6545,6160,13090
"2022-04-20T00:00:00","12:30","2022-04-20T00:00:00",27,1429,6545,6147,13090
"2022-04-20T00:00:00","13:00","2022-04-20T00:00:00",28,1429,6545,5938,13090
"2022-04-20T00:00:00","13:30","2022-04-20T00:00:00",29,1429,6545,5528,13090
"2022-04-20T00:00:00","14:00","2022-04-20T00:00:00",30,1418,6545,5070,13090
"2022-04-20T00:00:00","14:30","2022-04-20T00:00:00",31,1418,6545,4701,13090
"2022-04-20T00:00:00","15:00","2022-04-20T00:00:00",32,1408,6545,4308,13090
"2022-04-20T00:00:00","15:30","2022-04-20T00:00:00",33,1408,6545,3765,13090
"2022-04-20T00:00:00","16:00","2022-04-20T00:00:00",34,1389,6545,3139,13090
"2022-04-20T00:00:00","16:30","2022-04-20T00:00:00",35,1389,6545,2522,13090
"2022-04-20T00:00:00","17:00","2022-04-20T00:00:00",36,1370,6545,1940,13090
"2022-04-20T00:00:00","17:30","2022-04-20T00:00:00",37,1370,6545,1401,13090
"2022-04-20T00:00:00","18:00","2022-04-20T00:00:00",38,1339,6545,896,13090
"2022-04-20T00:00:00","18:30","2022-04-20T00:00:00",39,1339,6545,436,13090
"2022-04-20T00:00:00","19:00","2022-04-20T00:00:00",40,1320,6545,113,13090
"2022-04-20T00:00:00","19:30","2022-04-20T00:00:00",41,1320,6545,0,13090
"2022-04-20T00:00:00","20:00","2022-04-20T00:00:00",42,1286,6545,0,13090
"2022-04-20T00:00:00","20:30","2022-04-20T00:00:00",43,1286,6545,0,13090
"2022-04-20T00:00:00","21:00","2022-04-20T00:00:00",44,1251,6545,0,13090
"2022-04-20T00:00:00","21:30","2022-04-20T00:00:00",45,1251,6545,0,13090
"2022-04-20T00:00:00","22:00","2022-04-20T00:00:00",46,1195,6545,0,13090
"2022-04-20T00:00:00","22:30","2022-04-20T00:00:00",47,1195,6545,0,13090
"2022-04-20T00:00:00","23:00","2022-04-20T00:00:00",48,1138,6545,0,13090
"2022-04-20T00:00:00","23:30","2022-04-21T00:00:00",1,1138,6545,0,13092
"2022-04-21T00:00:00","00:00","2022-04-21T00:00:00",2,1073,6545,0,13092
"2022-04-21T00:00:00","00:30","2022-04-21T00:00:00",3,1073,6545,0,13092
"2022-04-21T00:00:00","01:00","2022-04-21T00:00:00",4,1102,6545,0,13092
"2022-04-21T00:00:00","01:30","2022-04-21T00:00:00",5,1102,6545,0,13092
"2022-04-21T00:00:00","02:00","2022-04-21T00:00:00",6,1081,6545,0,13092
"2022-04-21T00:00:00","02:30","2022-04-21T00:00:00",7,1081,6545,0,13092
"2022-04-21T00:00:00","03:00","2022-04-21T00:00:00",8,1016,6545,0,13092
"2022-04-21T00:00:00","03:30","2022-04-21T00:00:00",9,1016,6545,0,13092
"2022-04-21T00:00:00","04:00","2022-04-21T00:00:00",10,1075,6545,0,13092
"2022-04-21T00:00:00","04:30","2022-04-21T00:00:00",11,1075,6545,0,13092
"2022-04-21T00:00:00","05:00","2022-04-21T00:00:00",12,1089,6545,0,13092
"2022-04-21T00:00:00","05:30","2022-04-21T00:00:00",13,1089,6545,104,13092
"2022-04-21T00:00:00","06:00","2022-04-21T00:00:00",14,1056,6545,341,13092
"2022-04-21T00:00:00","06:30","2022-04-21T00:00:00",15,1056,6545,735,13092
"2022-04-21T00:00:00","07:00","2022-04-21T00:00:00",16,1108,6545,1230,13092
"2022-04-21T00:00:00","07:30","2022-04-21T00:00:00",17,1108,6545,1757,13092
"2022-04-21T00:00:00","08:00","2022-04-21T00:00:00",18,1170,6545,2321,13092
"2022-04-21T00:00:00","08:30","2022-04-21T00:00:00",19,1170,6545,2940,13092
"2022-04-21T00:00:00","09:00","2022-04-21T00:00:00",20,1242,6545,3608,13092
"2022-04-21T00:00:00","09:30","2022-04-21T00:00:00",21,1242,6545,4292,13092
"2022-04-21T00:00:00","10:00","2022-04-21T00:00:00",22,1348,6545,4889,13092
"2022-04-21T00:00:00","10:30","2022-04-21T00:00:00",23,1348,6545,5315,13092
"2022-04-21T00:00:00","11:00","2022-04-21T00:00:00",24,1467,6545,5643,13092
"2022-04-21T00:00:00","11:30","2022-04-21T00:00:00",25,1467,6545,5945,13092
"2022-04-21T00:00:00","12:00","2022-04-21T00:00:00",26,1600,6545,6124,13092
"2022-04-21T00:00:00","12:30","2022-04-21T00:00:00",27,1600,6545,6077,13092
"2022-04-21T00:00:00","13:00","2022-04-21T00:00:00",28,1577,6545,5843,13092
"2022-04-21T00:00:00","13:30","2022-04-21T00:00:00",29,1577,6545,5499,13092
"2022-04-21T00:00:00","14:00","2022-04-21T00:00:00",30,1557,6545,5107,13092
"2022-04-21T00:00:00","14:30","2022-04-21T00:00:00",31,1557,6545,4715,13092
"2022-04-21T00:00:00","15:00","2022-04-21T00:00:00",32,1540,6545,4305,13092
"2022-04-21T00:00:00","15:30","2022-04-21T00:00:00",33,1540,6545,3843,13092
"2022-04-21T00:00:00","16:00","2022-04-21T00:00:00",34,1490,6545,3287,13092
"2022-04-21T00:00:00","16:30","2022-04-21T00:00:00",35,1490,6545,2625,13092
"2022-04-21T00:00:00","17:00","2022-04-21T00:00:00",36,1444,6545,1962,13092
"2022-04-21T00:00:00","17:30","2022-04-21T00:00:00",37,1444,6545,1400,13092
"2022-04-21T00:00:00","18:00","2022-04-21T00:00:00",38,1401,6545,909,13092
"2022-04-21T00:00:00","18:30","2022-04-21T00:00:00",39,1401,6545,456,13092
"2022-04-21T00:00:00","19:00","2022-04-21T00:00:00",40,1353,6545,128,13092
"2022-04-21T00:00:00","19:30","2022-04-21T00:00:00",41,1353,6545,0,13092
"2022-04-21T00:00:00","20:00","2022-04-21T00:00:00",42,1310,6545,0,13092
"2022-04-21T00:00:00","20:30","2022-04-21T00:00:00",43,1310,6545,0,13092
"2022-04-21T00:00:00","21:00","2022-04-21T00:00:00",44,1272,6545,0,13092
"2022-04-21T00:00:00","21:30","2022-04-21T00:00:00",45,1272,6545,0,13092
"2022-04-21T00:00:00","22:00","2022-04-21T00:00:00",46,1207,6545,0,13092
"2022-04-21T00:00:00","22:30","2022-04-21T00:00:00",47,1207,6545,0,13092
"2022-04-21T00:00:00","23:00","2022-04-21T00:00:00",48,1147,6545,0,13092
"2022-04-21T00:00:00","23:30","2022-04-22T00:00:00",1,1147,6545,0,13093
"2022-04-22T00:00:00","00:00","2022-04-22T00:00:00",2,1090,6545,0,13093
"2022-04-22T00:00:00","00:30","2022-04-22T00:00:00",3,1090,6545,0,13093
"2022-04-22T00:00:00","01:00","2022-04-22T00:00:00",4,1087,6545,0,13093
"2022-04-22T00:00:00","01:30","2022-04-22T00:00:00",5,1087,6545,0,13093
"2022-04-22T00:00:00","02:00","2022-04-22T00:00:00",6,1084,6545,0,13093
"2022-04-22T00:00:00","02:30","2022-04-22T00:00:00",7,1084,6545,0,13093
"2022-04-22T00:00:00","03:00","2022-04-22T00:00:00",8,1081,6545,0,13093
"2022-04-22T00:00:00","03:30","2022-04-22T00:00:00",9,1081,6545,0,13093
"2022-04-22T00:00:00","04:00","2022-04-22T00:00:00",10,1082,6545,0,13093
"2022-04-22T00:00:00","04:30","2022-04-22T00:00:00",11,1082,6545,0,13093
"2022-04-22T00:00:00","05:00","2022-04-22T00:00:00",12,1084,6545,0,13093
"2022-04-22T00:00:00","05:30","2022-04-22T00:00:00",13,1084,6545,65,13093
"2022-04-22T00:00:00","06:00","2022-04-22T00:00:00",14,1086,6545,176,13093
"2022-04-22T00:00:00","06:30","2022-04-22T00:00:00",15,1086,6545,341,13093
"2022-04-22T00:00:00","07:00","2022-04-22T00:00:00",16,1127,6545,600,13093
"2022-04-22T00:00:00","07:30","2022-04-22T00:00:00",17,1127,6545,977,13093
"2022-04-22T00:00:00","08:00","2022-04-22T00:00:00",18,1176,6545,1404,13093
"2022-04-22T00:00:00","08:30","2022-04-22T00:00:00",19,1176,6545,1820,13093
"2022-04-22T00:00:00","09:00","2022-04-22T00:00:00",20,1236,6545,2279,13093
"2022-04-22T00:00:00","09:30","2022-04-22T00:00:00",21,1236,6545,2833,13093
"2022-04-22T00:00:00","10:00","2022-04-22T00:00:00",22,1309,6545,3405,13093
"2022-04-22T00:00:00","10:30","2022-04-22T00:00:00",23,1309,6545,3902,13093
"2022-04-22T00:00:00","11:00","2022-04-22T00:00:00",24,1395,6545,4302,13093
"2022-04-22T00:00:00","11:30","2022-04-22T00:00:00",25,1395,6545,4603,13093
"2022-04-22T00:00:00","12:00","2022-04-22T00:00:00",26,1497,6545,4823,13093
"2022-04-22T00:00:00","12:30","2022-04-22T00:00:00",27,1497,6545,4970,13093
"2022-04-22T00:00:00","13:00","2022-04-22T00:00:00",28,1456,6545,4976,13093
"2022-04-22T00:00:00","13:30","2022-04-22T00:00:00",29,1456,6545,4791,13093
"2022-04-22T00:00:00","14:00","2022-04-22T00:00:00",30,1417,6545,4532,13093
"2022-04-22T00:00:00","14:30","2022-04-22T00:00:00",31,1417,6545,4313,13093
"2022-04-22T00:00:00","15:00","2022-04-22T00:00:00",32,1380,6545,4080,13093
"2022-04-22T00:00:00","15:30","2022-04-22T00:00:00",33,1380,6545,3749,13093
"2022-04-22T00:00:00","16:00","2022-04-22T00:00:00",34,1345,6545,3273,13093
"2022-04-22T00:00:00","16:30","2022-04-22T00:00:00",35,1345,6545,2643,13093
"2022-04-22T00:00:00","17:00","2022-04-22T00:00:00",36,1312,6545,1983,13093
"2022-04-22T00:00:00","17:30","2022-04-22T00:00:00",37,1312,6545,1415,13093
"2022-04-22T00:00:00","18:00","2022-04-22T00:00:00",38,1282,6545,920,13093
"2022-04-22T00:00:00","18:30","2022-04-22T00:00:00",39,1282,6545,472,13093
"2022-04-22T00:00:00","19:00","2022-04-22T00:00:00",40,1246,6545,149,13093
"2022-04-22T00:00:00","19:30","2022-04-22T00:00:00",41,1246,6545,19,13093
"2022-04-22T00:00:00","20:00","2022-04-22T00:00:00",42,1215,6545,0,13093
"2022-04-22T00:00:00","20:30","2022-04-22T00:00:00",43,1215,6545,0,13093
"2022-04-22T00:00:00","21:00","2022-04-22T00:00:00",44,1189,6545,0,13093
"2022-04-22T00:00:00","21:30","2022-04-22T00:00:00",45,1189,6545,0,13093
"2022-04-22T00:00:00","22:00","2022-04-22T00:00:00",46,1166,6545,0,13093
"2022-04-22T00:00:00","22:30","2022-04-22T00:00:00",47,1166,6545,0,13093
"2022-04-22T00:00:00","23:00","2022-04-22T00:00:00",48,1147,6545,0,13093
"2022-04-22T00:00:00","23:30","2022-04-23T00:00:00",1,1147,6545,0,13095
"2022-04-23T00:00:00","00:00","2022-04-23T00:00:00",2,1130,6545,0,13095
"2022-04-23T00:00:00","00:30","2022-04-23T00:00:00",3,1130,6545,0,13095
"2022-04-23T00:00:00","01:00","2022-04-23T00:00:00",4,1130,6545,0,13095
"2022-04-23T00:00:00","01:30","2022-04-23T00:00:00",5,1130,6545,0,13095
"2022-04-23T00:00:00","02:00","2022-04-23T00:00:00",6,1129,6545,0,13095
"2022-04-23T00:00:00","02:30","2022-04-23T00:00:00",7,1129,6545,0,13095
"2022-04-23T00:00:00","03:00","2022-04-23T00:00:00",8,1130,6545,0,13095
"2022-04-23T00:00:00","03:30","2022-04-23T00:00:00",9,1130,6545,0,13095
"2022-04-23T00:00:00","04:00","2022-04-23T00:00:00",10,1130,6545,0,13095
"2022-04-23T00:00:00","04:30","2022-04-23T00:00:00",11,1130,6545,0,13095
"2022-04-23T00:00:00","05:00","2022-04-23T00:00:00",12,1130,6545,0,13095
"2022-04-23T00:00:00","05:30","2022-04-23T00:00:00",13,1130,6545,46,13095
"2022-04-23T00:00:00","06:00","2022-04-23T00:00:00",14,1131,6545,158,13095
"2022-04-23T00:00:00","06:30","2022-04-23T00:00:00",15,1131,6545,364,13095
"2022-04-23T00:00:00","07:00","2022-04-23T00:00:00",16,1187,6545,667,13095
"2022-04-23T00:00:00","07:30","2022-04-23T00:00:00",17,1187,6545,1056,13095
"2022-04-23T00:00:00","08:00","2022-04-23T00:00:00",18,1253,6545,1494,13095
"2022-04-23T00:00:00","08:30","2022-04-23T00:00:00",19,1253,6545,1953,13095
"2022-04-23T00:00:00","09:00","2022-04-23T00:00:00",20,1328,6545,2459,13095
"2022-04-23T00:00:00","09:30","2022-04-23T00:00:00",21,1328,6545,3036,13095
"2022-04-23T00:00:00","10:00","2022-04-23T00:00:00",22,1413,6545,3629,13095
"2022-04-23T00:00:00","10:30","2022-04-23T00:00:00",23,1413,6545,4178,13095
"2022-04-23T00:00:00","11:00","2022-04-23T00:00:00",24,1509,6545,4678,13095
"2022-04-23T00:00:00","11:30","2022-04-23T00:00:00",25,1509,6545,5118,13095
"2022-04-23T00:00:00","12:00","2022-04-23T00:00:00",26,1616,6545,5413,13095
"2022-04-23T00:00:00","12:30","2022-04-23T00:00:00",27,1616,6545,5489,13095
"2022-04-23T00:00:00","13:00","2022-04-23T00:00:00",28,1574,6545,5409,13095
"2022-04-23T00:00:00","13:30","2022-04-23T00:00:00",29,1574,6545,5254,13095
"2022-04-23T00:00:00","14:00","2022-04-23T00:00:00",30,1535,6545,5047,13095
"2022-04-23T00:00:00","14:30","2022-04-23T00:00:00",31,1535,6545,4791,13095
"2022-04-23T00:00:00","15:00","2022-04-23T00:00:00",32,1497,6545,4485,13095
"2022-04-23T00:00:00","15:30","2022-04-23T00:00:00",33,1497,6545,4114,13095
"2022-04-23T00:00:00","16:00","2022-04-23T00:00:00",34,1461,6545,3636,13095
"2022-04-23T00:00:00","16:30","2022-04-23T00:00:00",35,1461,6545,3024,13095
"2022-04-23T00:00:00","17:00","2022-04-23T00:00:00",36,1427,6545,2351,13095
"2022-04-23T00:00:00","17:30","2022-04-23T00:00:00",37,1427,6545,1700,13095
"2022-04-23T00:00:00","18:00","2022-04-23T00:00:00",38,1395,6545,1101,13095
"2022-04-23T00:00:00","18:30","2022-04-23T00:00:00",39,1395,6545,583,13095
"2022-04-23T00:00:00","19:00","2022-04-23T00:00:00",40,1346,6545,215,13095
"2022-04-23T00:00:00","19:30","2022-04-23T00:00:00",41,1346,6545,46,13095
"2022-04-23T00:00:00","20:00","2022-04-23T00:00:00",42,1301,6545,0,13095
"2022-04-23T00:00:00","20:30","2022-04-23T00:00:00",43,1301,6545,0,13095
"2022-04-23T00:00:00","21:00","2022-04-23T00:00:00",44,1262,6545,0,13095
"2022-04-23T00:00:00","21:30","2022-04-23T00:00:00",45,1262,6545,0,13095
"2022-04-23T00:00:00","22:00","2022-04-23T00:00:00",46,1227,6545,0,13095
"2022-04-23T00:00:00","22:30","2022-04-23T00:00:00",47,1227,6545,0,13095
"2022-04-23T00:00:00","23:00","2022-04-23T00:00:00",48,1195,6545,0,13095
"2022-04-23T00:00:00","23:30","2022-04-24T00:00:00",1,1195,6545,0,13096
"2022-04-24T00:00:00","00:00","2022-04-24T00:00:00",2,1168,6545,0,13096
"2022-04-24T00:00:00","00:30","2022-04-24T00:00:00",3,1168,6545,0,13096
"2022-04-24T00:00:00","01:00","2022-04-24T00:00:00",4,1170,6545,0,13096
"2022-04-24T00:00:00","01:30","2022-04-24T00:00:00",5,1170,6545,0,13096
"2022-04-24T00:00:00","02:00","2022-04-24T00:00:00",6,1172,6545,0,13096
"2022-04-24T00:00:00","02:30","2022-04-24T00:00:00",7,1172,6545,0,13096
"2022-04-24T00:00:00","03:00","2022-04-24T00:00:00",8,1175,6545,0,13096
"2022-04-24T00:00:00","03:30","2022-04-24T00:00:00",9,1175,6545,0,13096
"2022-04-24T00:00:00","04:00","2022-04-24T00:00:00",10,1177,6545,0,13096
"2022-04-24T00:00:00","04:30","2022-04-24T00:00:00",11,1177,6545,0,13096
"2022-04-24T00:00:00","05:00","2022-04-24T00:00:00",12,1180,6545,0,13096
"2022-04-24T00:00:00","05:30","2022-04-24T00:00:00",13,1180,6545,44,13096
"2022-04-24T00:00:00","06:00","2022-04-24T00:00:00",14,1183,6545,158,13096
"2022-04-24T00:00:00","06:30","2022-04-24T00:00:00",15,1183,6545,363,13096
"2022-04-24T00:00:00","07:00","2022-04-24T00:00:00",16,1229,6545,655,13096
"2022-04-24T00:00:00","07:30","2022-04-24T00:00:00",17,1229,6545,1026,13096
"2022-04-24T00:00:00","08:00","2022-04-24T00:00:00",18,1284,6545,1448,13096
"2022-04-24T00:00:00","08:30","2022-04-24T00:00:00",19,1284,6545,1903,13096
"2022-04-24T00:00:00","09:00","2022-04-24T00:00:00",20,1347,6545,2411,13096
"2022-04-24T00:00:00","09:30","2022-04-24T00:00:00",21,1347,6545,2978,13096
"2022-04-24T00:00:00","10:00","2022-04-24T00:00:00",22,1418,6545,3540,13096
"2022-04-24T00:00:00","10:30","2022-04-24T00:00:00",23,1418,6545,4041,13096
"2022-04-24T00:00:00","11:00","2022-04-24T00:00:00",24,1500,6545,4486,13096
"2022-04-24T00:00:00","11:30","2022-04-24T00:00:00",25,1500,6545,4874,13096
"2022-04-24T00:00:00","12:00","2022-04-24T00:00:00",26,1591,6545,5121,13096
"2022-04-24T00:00:00","12:30","2022-04-24T00:00:00",27,1591,6545,5156,13096
"2022-04-24T00:00:00","13:00","2022-04-24T00:00:00",28,1511,6545,5056,13096
"2022-04-24T00:00:00","13:30","2022-04-24T00:00:00",29,1511,6545,4913,13096
"2022-04-24T00:00:00","14:00","2022-04-24T00:00:00",30,1436,6545,4746,13096
"2022-04-24T00:00:00","14:30","2022-04-24T00:00:00",31,1436,6545,4550,13096
"2022-04-24T00:00:00","15:00","2022-04-24T00:00:00",32,1363,6545,4301,13096
"2022-04-24T00:00:00","15:30","2022-04-24T00:00:00",33,1363,6545,3969,13096
"2022-04-24T00:00:00","16:00","2022-04-24T00:00:00",34,1295,6545,3505,13096
"2022-04-24T00:00:00","16:30","2022-04-24T00:00:00",35,1295,6545,2889,13096
"2022-04-24T00:00:00","17:00","2022-04-24T00:00:00",36,1230,6545,2231,13096
"2022-04-24T00:00:00","17:30","2022-04-24T00:00:00",37,1230,6545,1640,13096
"2022-04-24T00:00:00","18:00","2022-04-24T00:00:00",38,1169,6545,1104,13096
"2022-04-24T00:00:00","18:30","2022-04-24T00:00:00",39,1169,6545,607,13096
"2022-04-24T00:00:00","19:00","2022-04-24T00:00:00",40,1115,6545,231,13096
"2022-04-24T00:00:00","19:30","2022-04-24T00:00:00",41,1115,6545,51,13096
"2022-04-24T00:00:00","20:00","2022-04-24T00:00:00",42,1068,6545,0,13096
"2022-04-24T00:00:00","20:30","2022-04-24T00:00:00",43,1068,6545,0,13096
"2022-04-24T00:00:00","21:00","2022-04-24T00:00:00",44,1025,6545,0,13096
"2022-04-24T00:00:00","21:30","2022-04-24T00:00:00",45,1025,6545,0,13096
"2022-04-24T00:00:00","22:00","2022-04-24T00:00:00",46,988,6545,0,13096
"2022-04-24T00:00:00","22:30","2022-04-24T00:00:00",47,988,6545,0,13096
"2022-04-24T00:00:00","23:00","2022-04-24T00:00:00",48,955,6545,0,13096
"2022-04-24T00:00:00","23:30","2022-04-25T00:00:00",1,955,6545,0,13098
"2022-04-25T00:00:00","00:00","2022-04-25T00:00:00",2,927,6545,0,13098
"2022-04-25T00:00:00","00:30","2022-04-25T00:00:00",3,927,6545,0,13098
"2022-04-25T00:00:00","01:00","2022-04-25T00:00:00",4,922,6545,0,13098
"2022-04-25T00:00:00","01:30","2022-04-25T00:00:00",5,922,6545,0,13098
"2022-04-25T00:00:00","02:00","2022-04-25T00:00:00",6,917,6545,0,13098
"2022-04-25T00:00:00","02:30","2022-04-25T00:00:00",7,917,6545,0,13098
"2022-04-25T00:00:00","03:00","2022-04-25T00:00:00",8,912,6545,0,13098
"2022-04-25T00:00:00","03:30","2022-04-25T00:00:00",9,912,6545,0,13098
"2022-04-25T00:00:00","04:00","2022-04-25T00:00:00",10,908,6545,0,13098
"2022-04-25T00:00:00","04:30","2022-04-25T00:00:00",11,908,6545,0,13098
"2022-04-25T00:00:00","05:00","2022-04-25T00:00:00",12,903,6545,0,13098
"2022-04-25T00:00:00","05:30","2022-04-25T00:00:00",13,903,6545,67,13098
"2022-04-25T00:00:00","06:00","2022-04-25T00:00:00",14,899,6545,204,13098
"2022-04-25T00:00:00","06:30","2022-04-25T00:00:00",15,899,6545,424,13098
"2022-04-25T00:00:00","07:00","2022-04-25T00:00:00",16,937,6545,734,13098
"2022-04-25T00:00:00","07:30","2022-04-25T00:00:00",17,937,6545,1136,13098
"2022-04-25T00:00:00","08:00","2022-04-25T00:00:00",18,983,6545,1611,13098
"2022-04-25T00:00:00","08:30","2022-04-25T00:00:00",19,983,6545,2138,13098
"2022-04-25T00:00:00","09:00","2022-04-25T00:00:00",20,1038,6545,2686,13098
"2022-04-25T00:00:00","09:30","2022-04-25T00:00:00",21,1038,6545,3229,13098
"2022-04-25T00:00:00","10:00","2022-04-25T00:00:00",22,1101,6545,3779,13098
"2022-04-25T00:00:00","10:30","2022-04-25T00:00:00",23,1101,6545,4336,13098
"2022-04-25T00:00:00","11:00","2022-04-25T00:00:00",24,1175,6545,4827,13098
"2022-04-25T00:00:00","11:30","2022-04-25T00:00:00",25,1175,6545,5176,13098
"2022-04-25T00:00:00","12:00","2022-04-25T00:00:00",26,1259,6545,5390,13098
"2022-04-25T00:00:00","12:30","2022-04-25T00:00:00",27,1259,6545,5485,13098
"2022-04-25T00:00:00","13:00","2022-04-25T00:00:00",28,1220,6545,5453,13098
"2022-04-25T00:00:00","13:30","2022-04-25T00:00:00",29,1220,6545,5290,13098
"2022-04-25T00:00:00","14:00","2022-04-25T00:00:00",30,1183,6545,5046,13098
"2022-04-25T00:00:00","14:30","2022-04-25T00:00:00",31,1183,6545,4773,13098
"2022-04-25T00:00:00","15:00","2022-04-25T00:00:00",32,1148,6545,4482,13098
"2022-04-25T00:00:00","15:30","2022-04-25T00:00:00",33,1148,6545,4156,13098
"2022-04-25T00:00:00","16:00","2022-04-25T00:00:00",34,1116,6545,3704,13098
"2022-04-25T00:00:00","16:30","2022-04-25T00:00:00",35,1116,6545,3066,13098
"2022-04-25T00:00:00","17:00","2022-04-25T00:00:00",36,1087,6545,3136,13098
"2022-04-25T00:00:00","17:30","2022-04-25T00:00:00",37,1087,6545,2519,13098
"2022-04-25T00:00:00","18:00","2022-04-25T00:00:00",38,1060,6545,1918,13098
"2022-04-25T00:00:00","18:30","2022-04-25T00:00:00",39,1060,6545,1313,13098
"2022-04-25T00:00:00","19:00","2022-04-25T00:00:00",40,1021,6545,770,13098
"2022-04-25T00:00:00","19:30","2022-04-25T00:00:00",41,1021,6545,358,13098
"2022-04-25T00:00:00","20:00","2022-04-25T00:00:00",42,987,6545,83,13098
"2022-04-25T00:00:00","20:30","2022-04-25T00:00:00",43,987,6545,4,13098
"2022-04-25T00:00:00","21:00","2022-04-25T00:00:00",44,958,6545,0,13098
"2022-04-25T00:00:00","21:30","2022-04-25T00:00:00",45,958,6545,0,13098
"2022-04-25T00:00:00","22:00","2022-04-25T00:00:00",46,933,6545,0,13098
"2022-04-25T00:00:00","22:30","2022-04-25T00:00:00",47,933,6545,0,13098
"2022-04-25T00:00:00","23:00","2022-04-25T00:00:00",48,911,6545,0,13098
"2022-04-25T00:00:00","23:30","2022-04-26T00:00:00",1,911,6545,0,13100
"2022-04-26T00:00:00","00:00","2022-04-26T00:00:00",2,893,6545,0,13100
"2022-04-26T00:00:00","00:30","2022-04-26T00:00:00",3,893,6545,0,13100
"2022-04-26T00:00:00","01:00","2022-04-26T00:00:00",4,895,6545,0,13100
"2022-04-26T00:00:00","01:30","2022-04-26T00:00:00",5,895,6545,0,13100
"2022-04-26T00:00:00","02:00","2022-04-26T00:00:00",6,897,6545,0,13100
"2022-04-26T00:00:00","02:30","2022-04-26T00:00:00",7,897,6545,0,13100
"2022-04-26T00:00:00","03:00","2022-04-26T00:00:00",8,900,6545,0,13100
"2022-04-26T00:00:00","03:30","2022-04-26T00:00:00",9,900,6545,0,13100
"2022-04-26T00:00:00","04:00","2022-04-26T00:00:00",10,903,6545,0,13100
"2022-04-26T00:00:00","04:30","2022-04-26T00:00:00",11,903,6545,0,13100
"2022-04-26T00:00:00","05:00","2022-04-26T00:00:00",12,907,6545,0,13100
"2022-04-26T00:00:00","05:30","2022-04-26T00:00:00",13,907,6545,98,13100
"2022-04-26T00:00:00","06:00","2022-04-26T00:00:00",14,910,6545,318,13100
"2022-04-26T00:00:00","06:30","2022-04-26T00:00:00",15,910,6545,770,13100
"2022-04-26T00:00:00","07:00","2022-04-26T00:00:00",16,943,6545,1344,13100
"2022-04-26T00:00:00","07:30","2022-04-26T00:00:00",17,943,6545,1969,13100
"2022-04-26T00:00:00","08:00","2022-04-26T00:00:00",18,982,6545,2641,13100
"2022-04-26T00:00:00","08:30","2022-04-26T00:00:00",19,982,6545,3352,13100
"2022-04-26T00:00:00","09:00","2022-04-26T00:00:00",20,1029,6545,4052,13100
"2022-04-26T00:00:00","09:30","2022-04-26T00:00:00",21,1029,6545,4716,13100
"2022-04-26T00:00:00","10:00","2022-04-26T00:00:00",22,1084,6545,5306,13100
"2022-04-26T00:00:00","10:30","2022-04-26T00:00:00",23,1084,6545,5765,13100
"2022-04-26T00:00:00","11:00","2022-04-26T00:00:00",24,1149,6545,6135,13100
"2022-04-26T00:00:00","11:30","2022-04-26T00:00:00",25,1149,6545,6469,13100
"2022-04-26T00:00:00","12:00","2022-04-26T00:00:00",26,1222,6545,6681,13100
"2022-04-26T00:00:00","12:30","2022-04-26T00:00:00",27,1222,6545,6677,13100
"2022-04-26T00:00:00","13:00","2022-04-26T00:00:00",28,1182,6545,6551,13100
"2022-04-26T00:00:00","13:30","2022-04-26T00:00:00",29,1182,6545,6386,13100
"2022-04-26T00:00:00","14:00","2022-04-26T00:00:00",30,1145,6545,6135,13100
"2022-04-26T00:00:00","14:30","2022-04-26T00:00:00",31,1145,6545,5738,13100
"2022-04-26T00:00:00","15:00","2022-04-26T00:00:00",32,1110,6545,5290,13100
"2022-04-26T00:00:00","15:30","2022-04-26T00:00:00",33,1110,6545,4901,13100
"2022-04-26T00:00:00","16:00","2022-04-26T00:00:00",34,1077,6545,4453,13100
"2022-04-26T00:00:00","16:30","2022-04-26T00:00:00",35,1077,6545,3820,13100
"2022-04-26T00:00:00","17:00","2022-04-26T00:00:00",36,1046,6545,3136,13100
"2022-04-26T00:00:00","17:30","2022-04-26T00:00:00",37,1046,6545,2519,13100
"2022-04-26T00:00:00","18:00","2022-04-26T00:00:00",38,1018,6545,1918,13100
"2022-04-26T00:00:00","18:30","2022-04-26T00:00:00",39,1018,6545,1313,13100
"2022-04-26T00:00:00","19:00","2022-04-26T00:00:00",40,981,6545,770,13100
"2022-04-26T00:00:00","19:30","2022-04-26T00:00:00",41,981,6545,358,13100
"2022-04-26T00:00:00","20:00","2022-04-26T00:00:00",42,949,6545,83,13100
"2022-04-26T00:00:00","20:30","2022-04-26T00:00:00",43,949,6545,4,13100
"2022-04-26T00:00:00","21:00","2022-04-26T00:00:00",44,921,6545,0,13100
"2022-04-26T00:00:00","21:30","2022-04-26T00:00:00",45,921,6545,0,13100
"2022-04-26T00:00:00","22:00","2022-04-26T00:00:00",46,896,6545,0,13100
"2022-04-26T00:00:00","22:30","2022-04-26T00:00:00",47,896,6545,0,13100
"2022-04-26T00:00:00","23:00","2022-04-26T00:00:00",48,876,6545,0,13100
"2022-04-26T00:00:00","23:30","2022-04-27T00:00:00",1,876,6545,0,13101
"2022-04-27T00:00:00","00:00","2022-04-27T00:00:00",2,858,6545,0,13101
"2022-04-27T00:00:00","00:30","2022-04-27T00:00:00",3,858,6545,0,13101
"2022-04-27T00:00:00","01:00","2022-04-27T00:00:00",4,865,6545,0,13101
"2022-04-27T00:00:00","01:30","2022-04-27T00:00:00",5,865,6545,0,13101
"2022-04-27T00:00:00","02:00","2022-04-27T00:00:00",6,873,6545,0,13101
"2022-04-27T00:00:00","02:30","2022-04-27T00:00:00",7,873,6545,0,13101
"2022-04-27T00:00:00","03:00","2022-04-27T00:00:00",8,881,6545,0,13101
"2022-04-27T00:00:00","03:30","2022-04-27T00:00:00",9,881,6545,0,13101
"2022-04-27T00:00:00","04:00","2022-04-27T00:00:00",10,889,6545,0,13101
"2022-04-27T00:00:00","04:30","2022-04-27T00:00:00",11,889,6545,0,13101
"2022-04-27T00:00:00","05:00","2022-04-27T00:00:00",12,897,6545,0,13101
"2022-04-27T00:00:00","05:30","2022-04-27T00:00:00",13,897,6545,98,13101
"2022-04-27T00:00:00","06:00","2022-04-27T00:00:00",14,906,6545,318,13101
"2022-04-27T00:00:00","06:30","2022-04-27T00:00:00",15,906,6545,770,13101
"2022-04-27T00:00:00","07:00","2022-04-27T00:00:00",16,945,6545,1344,13101
"2022-04-27T00:00:00","07:30","2022-04-27T00:00:00",17,945,6545,1969,13101
"2022-04-27T00:00:00","08:00","2022-04-27T00:00:00",18,991,6545,2641,13101
"2022-04-27T00:00:00","08:30","2022-04-27T00:00:00",19,991,6545,3353,13101
"2022-04-27T00:00:00","09:00","2022-04-27T00:00:00",20,1046,6545,4052,13101
"2022-04-27T00:00:00","09:30","2022-04-27T00:00:00",21,1046,6545,4716,13101
"2022-04-27T00:00:00","10:00","2022-04-27T00:00:00",22,1110,6545,5306,13101
"2022-04-27T00:00:00","10:30","2022-04-27T00:00:00",23,1110,6545,5766,13101
"2022-04-27T00:00:00","11:00","2022-04-27T00:00:00",24,1183,6545,6135,13101
"2022-04-27T00:00:00","11:30","2022-04-27T00:00:00",25,1183,6545,6469,13101
"2022-04-27T00:00:00","12:00","2022-04-27T00:00:00",26,1265,6545,6682,13101
"2022-04-27T00:00:00","12:30","2022-04-27T00:00:00",27,1265,6545,6678,13101
"2022-04-27T00:00:00","13:00","2022-04-27T00:00:00",28,1236,6545,6552,13101
"2022-04-27T00:00:00","13:30","2022-04-27T00:00:00",29,1236,6545,6387,13101
"2022-04-27T00:00:00","14:00","2022-04-27T00:00:00",30,1209,6545,6135,13101
"2022-04-27T00:00:00","14:30","2022-04-27T00:00:00",31,1209,6545,5738,13101
"2022-04-27T00:00:00","15:00","2022-04-27T00:00:00",32,1183,6545,5290,13101
"2022-04-27T00:00:00","15:30","2022-04-27T00:00:00",33,1183,6545,4901,13101
"2022-04-27T00:00:00","16:00","2022-04-27T00:00:00",34,1159,6545,4453,13101
"2022-04-27T00:00:00","16:30","2022-04-27T00:00:00",35,1159,6545,3820,13101
"2022-04-27T00:00:00","17:00","2022-04-27T00:00:00",36,1137,6545,3136,13101
"2022-04-27T00:00:00","17:30","2022-04-27T00:00:00",37,1137,6545,2519,13101
"2022-04-27T00:00:00","18:00","2022-04-27T00:00:00",38,1116,6545,1918,13101
"2022-04-27T00:00:00","18:30","2022-04-27T00:00:00",39,1116,6545,1313,13101
"2022-04-27T00:00:00","19:00","2022-04-27T00:00:00",40,1076,6545,770,13101
"2022-04-27T00:00:00","19:30","2022-04-27T00:00:00",41,1076,6545,358,13101
"2022-04-27T00:00:00","20:00","2022-04-27T00:00:00",42,1041,6545,83,13101
"2022-04-27T00:00:00","20:30","2022-04-27T00:00:00",43,1041,6545,4,13101
"2022-04-27T00:00:00","21:00","2022-04-27T00:00:00",44,1010,6545,0,13101
"2022-04-27T00:00:00","21:30","2022-04-27T00:00:00",45,1010,6545,0,13101
"2022-04-27T00:00:00","22:00","2022-04-27T00:00:00",46,983,6545,0,13101
"2022-04-27T00:00:00","22:30","2022-04-27T00:00:00",47,983,6545,0,13101
"2022-04-27T00:00:00","23:00","2022-04-27T00:00:00",48,960,6545,0,13101
